,equipments,Price
0,SOOPPASWAY multipurpose single spring tummy trimmer ab ...,"<div class=""_30jeq3"">₹359</div>"
1,"SOOPPASWAY combo of single spring tummy trimmer, ab exe...","<div class=""_30jeq3"">₹392</div>"
2,Manogyam Fitness Combo Of Toning Tube with Hand Grip fo...,"<div class=""_30jeq3"">₹249</div>"
3,Khargadham Multifunctioneel High Quality Home Gym Push ...,"<div class=""_30jeq3"">₹289</div>"
4,AKTIV 3 In 1 Convertible Dumbbells & Barbell Home Gym F...,"<div class=""_30jeq3"">₹598</div>"
5,ADONYX Toning Tube With Door Anchor for All Type Resist...,"<div class=""_30jeq3"">₹180</div>"
6,KRX PVC 40 Kg Home Gym Set with 3 Ft Curl & 5 Ft plain ...,"<div class=""_30jeq3"">₹2,299</div>"
7,Growskv Combo of Ab Exercise Tummy Twister Two Wheel AB...,"<div class=""_30jeq3"">₹949</div>"
8,Tucker 10kg Dumbbells & Barbell Home Gym Set Kit For Ho...,"<div class=""_30jeq3"">₹599</div>"
9,"DreamFit 30 kg Home gym with 3ft Staight , 3ft Curl Rod...","<div class=""_30jeq3"">₹1,899</div>"
10,Manogyam Fitness Combo Of Double Spring Tummy Trimmer a...,"<div class=""_30jeq3"">₹329</div>"
11,Growskv Combo of Double Spring Tummy Trimmer & Twister ...,"<div class=""_30jeq3"">₹839</div>"
12,VICTORY Best Combo Fitness Gym Belt (M) Size (30-34) & ...,"<div class=""_30jeq3"">₹349</div>"
13,Shopeleven Pull Rope Fitness Exercises Resistance Bands...,"<div class=""_30jeq3"">₹279</div>"
14,COOL INDIANS BEST QUALITY HAND GRIP EXERCISER/STRENGTHE...,"<div class=""_30jeq3"">₹229</div>"
15,5 O' CLOCK SPORTS Combo Set Enclosed With Soft Leather ...,"<div class=""_30jeq3"">₹899</div>"
16,SX FITNESS PVC Home Gym Set (2.5Kg*4) Plate with Dumbbe...,"<div class=""_30jeq3"">₹425</div>"
17,"BULLAR Dumbbells Set, Home Gym Set With 8Kg PVC Plates,...","<div class=""_30jeq3"">₹499</div>"
18,ADONYX Toning Tube with D Handle Fitness Rope and Hand ...,"<div class=""_30jeq3"">₹299</div>"
19,Tycoon Physio Solutions Wooden Slant Board Adjustable L...,"<div class=""_30jeq3"">₹1,252</div>"
20,BRPEARl Push Up Board - Complete Push Up Training Syste...,"<div class=""_30jeq3"">₹428</div>"
21,"ADONYX Toning Tube With Skipping Rope, Speed Rope For f...","<div class=""_30jeq3"">₹242</div>"
22,"Manogyam Back Stretcher,Spine Back Pain Relief Products...","<div class=""_30jeq3"">₹269</div>"
23,Growskv Combo of Ab Exercise Tummy Twister Chest Press ...,"<div class=""_30jeq3"">₹848</div>"
24,"CODIVER Finger Stretcher, Finger And Hand Gripper fitne...","<div class=""_30jeq3"">₹329</div>"
25,"DreamFit 22 kg Home gym with 3ft Straight , 3ft Curl Ro...","<div class=""_30jeq3"">₹1,723</div>"
26,corso Black skipping rope + Black foam hand grip Fitnes...,"<div class=""_30jeq3"">₹152</div>"
27,5 O' CLOCK SPORTS Combo Set Enclosed With Soft Leather ...,"<div class=""_30jeq3"">₹809</div>"
28,"BULLAR Dumbbells Set, Home Gym Set With 10Kg PVC Plates...","<div class=""_30jeq3"">₹549</div>"
29,Krin Fitness PVC Home Gym Set (2.5Kg*4) 10kg Plate with...,"<div class=""_30jeq3"">₹439</div>"
30,Best-Quality-Hub Tummy Trimmer Toning Tube for Stretchi...,"<div class=""_30jeq3"">₹325</div>"
31,5 O' CLOCK SPORTS Combo Of 3 Double Spring Tummy Trimme...,"<div class=""_30jeq3"">₹739</div>"
32,COOL INDIANS BEST QUALITY HAND GRIP EXERCISER/STRENGTHE...,"<div class=""_30jeq3"">₹238</div>"
33,Khargadham Up To 100 LBS Stackable Resistance Tubes wit...,"<div class=""_30jeq3"">₹289</div>"
34,Pascal 20 KG WB - SL HOME GYM KIT WITH 3FT CURL ROD AND...,"<div class=""_30jeq3"">₹1,614</div>"
35,5 O' CLOCK SPORTS Combo of Let The Gains Begin (Red) Gy...,"<div class=""_30jeq3"">₹849</div>"
36,Khargadham Combo For Core Fitness Ab Wheel & Pushup Bar...,"<div class=""_30jeq3"">₹399</div>"
37,"DreamFit 30 kg Home gym with 5 ft Straight Rod , 3 ft C...","<div class=""_30jeq3"">₹2,149</div>"
38,JASMINE 10KG (2.5KG X 4) PVC Dumbbell Set Home Gym KIT ...,"<div class=""_30jeq3"">₹398</div>"
39,SKVSARAS Combo of Ab Exercise Tummy Twister Chest Press...,"<div class=""_30jeq3"">₹848</div>"
